{"stats":{"minecraft:picked_up":{"minecraft:iron_chestplate":2,"minecraft:crafting_table":7,"minecraft:cooked_beef":16,"minecraft:water_bucket":2,"minecraft:clay_ball":57,"minecraft:andesite":6,"minecraft:leather":24,"minecraft:wooden_pickaxe":3,"minecraft:red_mushroom":21,"minecraft:potion":3,"minecraft:tuff":7,"minecraft:oak_log":70,"minecraft:shield":1,"minecraft:dirt":35,"minecraft:string":4,"minecraft:moss_carpet":9,"minecraft:iron_leggings":2,"minecraft:bone":21,"minecraft:apple":6,"minecraft:bow":4,"minecraft:wheat_seeds":8,"minecraft:raw_gold":36,"minecraft:cobbled_deepslate":111,"minecraft:iron_ingot":22,"minecraft:beef":17,"minecraft:stone_pickaxe":2,"minecraft:azalea":5,"minecraft:iron_pickaxe":2,"minecraft:moss_block":43,"minecraft:iron_sword":2,"minecraft:flowering_azalea":5,"minecraft:oak_planks":3,"minecraft:furnace":12,"minecraft:raw_iron":37,"minecraft:stick":19,"minecraft:big_dripleaf":1,"minecraft:torch":27,"minecraft:porkchop":8,"minecraft:redstone":5,"minecraft:diamond":17,"minecraft:arrow":17,"minecraft:rotten_flesh":3,"minecraft:tropical_fish":8,"minecraft:stone_axe":3,"minecraft:obsidian":8,"minecraft:oak_sapling":63,"minecraft:glow_berries":1,"minecraft:mutton":6,"minecraft:coal":306,"minecraft:white_wool":8,"minecraft:cobblestone":67},"minecraft:used":{"minecraft:moss_block":5,"minecraft:cooked_mutton":6,"minecraft:water_bucket":6,"minecraft:moss_carpet":1,"minecraft:stone_pickaxe":108,"minecraft:shield":15,"minecraft:wooden_pickaxe":33,"minecraft:iron_sword":31,"minecraft:rotten_flesh":1,"minecraft:iron_chestplate":2,"minecraft:torch":14,"minecraft:dirt":35,"minecraft:crafting_table":6,"minecraft:tuff":7,"minecraft:obsidian":6,"minecraft:diamond_pickaxe":77,"minecraft:iron_pickaxe":82,"minecraft:stone_axe":91,"minecraft:cobblestone":9,"minecraft:porkchop":2,"minecraft:furnace":8,"minecraft:cooked_porkchop":6,"minecraft:bucket":6,"minecraft:andesite":4,"minecraft:cobbled_deepslate":54,"minecraft:iron_leggings":2},"minecraft:custom":{"minecraft:interact_with_furnace":48,"minecraft:mob_kills":27,"minecraft:interact_with_crafting_table":17,"minecraft:leave_game":3,"minecraft:time_since_death":9626,"minecraft:climb_one_cm":2443,"minecraft:time_since_rest":9671,"minecraft:sprint_one_cm":135402,"minecraft:damage_taken":2613,"minecraft:walk_one_cm":90432,"minecraft:damage_blocked_by_shield":645,"minecraft:drop":27,"minecraft:damage_dealt":3988,"minecraft:swim_one_cm":1205,"minecraft:fly_one_cm":143875,"minecraft:crouch_one_cm":11954,"minecraft:play_time":50775,"minecraft:walk_under_water_one_cm":3135,"minecraft:deaths":5,"minecraft:sneak_time":5755,"minecraft:jump":999,"minecraft:walk_on_water_one_cm":21725,"minecraft:total_world_time":50775,"minecraft:fall_one_cm":23891},"minecraft:crafted":{"minecraft:cooked_beef":17,"minecraft:oak_planks":32,"minecraft:cooked_porkchop":6,"minecraft:crafting_table":2,"minecraft:wooden_pickaxe":1,"minecraft:iron_sword":1,"minecraft:furnace":2,"minecraft:bucket":1,"minecraft:stone_axe":1,"minecraft:cooked_mutton":6,"minecraft:air":0,"minecraft:iron_chestplate":1,"minecraft:diamond_pickaxe":1,"minecraft:shield":2,"minecraft:stick":12,"minecraft:iron_ingot":37,"minecraft:iron_pickaxe":1,"minecraft:stone_pickaxe":1,"minecraft:iron_leggings":1,"minecraft:torch":36},"minecraft:mined":{"minecraft:deepslate_redstone_ore":1,"minecraft:tuff":7,"minecraft:flowering_azalea":2,"minecraft:deepslate_diamond_ore":10,"minecraft:obsidian":9,"minecraft:torch":1,"minecraft:clay":10,"minecraft:crafting_table":5,"minecraft:cave_vines_plant":4,"minecraft:short_grass":34,"minecraft:grass_block":1,"minecraft:mushroom_stem":6,"minecraft:tall_grass":22,"minecraft:deepslate_gold_ore":12,"minecraft:moss_block":10,"minecraft:furnace":8,"minecraft:cobbled_deepslate":7,"minecraft:iron_ore":8,"minecraft:birch_leaves":1,"minecraft:andesite":6,"minecraft:moss_carpet":1,"minecraft:cave_vines":1,"minecraft:deepslate_iron_ore":12,"minecraft:oak_log":28,"minecraft:coal_ore":68,"minecraft:vine":1,"minecraft:dirt":2,"minecraft:azalea":4,"minecraft:red_mushroom_block":16,"minecraft:stone":43,"minecraft:small_dripleaf":1,"minecraft:deepslate":78,"minecraft:oak_leaves":11},"minecraft:dropped":{"minecraft:iron_ingot":2,"minecraft:moss_carpet":4,"minecraft:moss_block":22,"minecraft:wheat_seeds":8,"minecraft:cooked_beef":9,"minecraft:oak_log":13,"minecraft:rotten_flesh":2,"minecraft:glow_berries":1,"minecraft:cobblestone":12,"minecraft:clay_ball":9,"minecraft:tropical_fish":4,"minecraft:shield":1,"minecraft:andesite":2,"minecraft:azalea":4,"minecraft:flowering_azalea":5,"minecraft:bow":1,"minecraft:arrow":2},"minecraft:killed":{"minecraft:pig":4,"minecraft:spider":1,"minecraft:sheep":4,"minecraft:skeleton":5,"minecraft:zombie":3,"minecraft:cow":7},"minecraft:killed_by":{"minecraft:skeleton":1,"minecraft:creeper":2,"minecraft:zombie":2}},"DataVersion":3955}