{"stats":{"minecraft:custom":{"minecraft:mob_kills":37,"minecraft:interact_with_crafting_table":17,"minecraft:leave_game":5,"minecraft:time_since_death":64931,"minecraft:climb_one_cm":4369,"minecraft:sprint_one_cm":174004,"minecraft:walk_one_cm":231077,"minecraft:damage_blocked_by_shield":645,"minecraft:drop":43,"minecraft:play_time":106080,"minecraft:deaths":5,"minecraft:sneak_time":16558,"minecraft:walk_under_water_one_cm":37221,"minecraft:jump":1612,"minecraft:walk_on_water_one_cm":31021,"minecraft:total_world_time":106080,"minecraft:interact_with_furnace":48,"minecraft:time_since_rest":64976,"minecraft:damage_taken":2820,"minecraft:damage_dealt":5150,"minecraft:swim_one_cm":7661,"minecraft:fly_one_cm":365045,"minecraft:crouch_one_cm":47593,"minecraft:fall_one_cm":29109},"minecraft:picked_up":{"minecraft:crafting_table":7,"minecraft:iron_chestplate":2,"minecraft:clay_ball":81,"minecraft:wooden_pickaxe":4,"minecraft:potion":3,"minecraft:shield":1,"minecraft:string":4,"minecraft:moss_carpet":9,"minecraft:iron_leggings":2,"minecraft:cobbled_deepslate":150,"minecraft:beef":21,"minecraft:azalea":5,"minecraft:iron_pickaxe":2,"minecraft:furnace":12,"minecraft:stick":21,"minecraft:raw_iron":57,"minecraft:big_dripleaf":2,"minecraft:torch":28,"minecraft:snow_block":2,"minecraft:porkchop":18,"minecraft:redstone":5,"minecraft:rotten_flesh":5,"minecraft:arrow":22,"minecraft:tropical_fish":8,"minecraft:mutton":6,"minecraft:glow_berries":1,"minecraft:obsidian":8,"minecraft:white_wool":8,"minecraft:cobblestone":181,"minecraft:cooked_beef":16,"minecraft:water_bucket":2,"minecraft:andesite":6,"minecraft:leather":27,"minecraft:red_mushroom":21,"minecraft:tuff":7,"minecraft:oak_log":70,"minecraft:lapis_lazuli":14,"minecraft:dirt":35,"minecraft:bone":22,"minecraft:apple":6,"minecraft:bow":4,"minecraft:wheat_seeds":8,"minecraft:raw_gold":36,"minecraft:stone_pickaxe":2,"minecraft:iron_ingot":22,"minecraft:moss_block":61,"minecraft:oak_planks":3,"minecraft:iron_sword":2,"minecraft:flowering_azalea":9,"minecraft:stone_axe":4,"minecraft:diamond":17,"minecraft:granite":3,"minecraft:oak_sapling":63,"minecraft:coal":306},"minecraft:mined":{"minecraft:tuff":7,"minecraft:deepslate_diamond_ore":10,"minecraft:obsidian":9,"minecraft:cave_vines_plant":4,"minecraft:granite":3,"minecraft:grass_block":3,"minecraft:moss_block":11,"minecraft:furnace":8,"minecraft:iron_ore":9,"minecraft:cobbled_deepslate":7,"minecraft:andesite":6,"minecraft:moss_carpet":1,"minecraft:deepslate_lapis_ore":4,"minecraft:cave_vines":3,"minecraft:deepslate_iron_ore":31,"minecraft:vine":1,"minecraft:azalea":4,"minecraft:stone":154,"minecraft:deepslate_redstone_ore":1,"minecraft:flowering_azalea":4,"minecraft:clay":13,"minecraft:crafting_table":5,"minecraft:torch":1,"minecraft:short_grass":42,"minecraft:mushroom_stem":6,"minecraft:tall_grass":25,"minecraft:cobblestone":8,"minecraft:deepslate_gold_ore":12,"minecraft:birch_leaves":1,"minecraft:oak_log":28,"minecraft:coal_ore":68,"minecraft:dirt":6,"minecraft:red_mushroom_block":16,"minecraft:small_dripleaf":1,"minecraft:oak_leaves":11,"minecraft:deepslate":119},"minecraft:killed_by":{"minecraft:creeper":2,"minecraft:skeleton":1,"minecraft:zombie":2},"minecraft:dropped":{"minecraft:iron_ingot":2,"minecraft:moss_block":39,"minecraft:wheat_seeds":8,"minecraft:cooked_beef":9,"minecraft:oak_log":13,"minecraft:cobblestone":12,"minecraft:glow_berries":1,"minecraft:granite":3,"minecraft:tropical_fish":4,"minecraft:stick":2,"minecraft:flowering_azalea":7,"minecraft:moss_carpet":8,"minecraft:stone_axe":1,"minecraft:rotten_flesh":3,"minecraft:clay_ball":81,"minecraft:orange_wool":2,"minecraft:big_dripleaf":2,"minecraft:shield":1,"minecraft:andesite":2,"minecraft:azalea":4,"minecraft:arrow":7,"minecraft:bow":1,"minecraft:wooden_pickaxe":1},"minecraft:crafted":{"minecraft:oak_planks":32,"minecraft:furnace":2,"minecraft:cooked_mutton":6,"minecraft:stone_pickaxe":1,"minecraft:cooked_beef":17,"minecraft:cooked_porkchop":6,"minecraft:crafting_table":2,"minecraft:wooden_pickaxe":1,"minecraft:iron_sword":1,"minecraft:bucket":1,"minecraft:stone_axe":1,"minecraft:air":0,"minecraft:iron_chestplate":1,"minecraft:diamond_pickaxe":1,"minecraft:shield":2,"minecraft:stick":12,"minecraft:iron_ingot":37,"minecraft:iron_pickaxe":1,"minecraft:iron_leggings":1,"minecraft:torch":36},"minecraft:used":{"minecraft:moss_block":5,"minecraft:moss_carpet":1,"minecraft:shield":15,"minecraft:iron_sword":58,"minecraft:rotten_flesh":1,"minecraft:iron_chestplate":2,"minecraft:torch":23,"minecraft:dirt":35,"minecraft:orange_wool":35,"minecraft:tuff":7,"minecraft:obsidian":6,"minecraft:red_wool":26,"minecraft:grass_block":46,"minecraft:quartz_block":268,"minecraft:furnace":8,"minecraft:cooked_beef":3,"minecraft:cobbled_deepslate":129,"minecraft:iron_leggings":2,"minecraft:cooked_mutton":6,"minecraft:water_bucket":51,"minecraft:stone_pickaxe":108,"minecraft:lime_wool":29,"minecraft:blue_wool":29,"minecraft:wooden_pickaxe":33,"minecraft:crafting_table":6,"minecraft:diamond_pickaxe":272,"minecraft:iron_pickaxe":82,"minecraft:yellow_wool":22,"minecraft:stone_axe":91,"minecraft:cobblestone":71,"minecraft:cooked_porkchop":6,"minecraft:porkchop":2,"minecraft:bucket":52,"minecraft:andesite":4,"minecraft:chain":7},"minecraft:killed":{"minecraft:bogged":1,"minecraft:spider":1,"minecraft:skeleton":5,"minecraft:pig":8,"minecraft:sheep":4,"minecraft:zombie":5,"minecraft:cow":10}},"DataVersion":3955}