{"stats":{"minecraft:picked_up":{"minecraft:crafting_table":4,"minecraft:clay_ball":9,"minecraft:andesite":6,"minecraft:leather":8,"minecraft:wooden_pickaxe":1,"minecraft:red_mushroom":7,"minecraft:potion":1,"minecraft:tuff":7,"minecraft:oak_log":52,"minecraft:dirt":35,"minecraft:string":2,"minecraft:moss_carpet":5,"minecraft:bone":7,"minecraft:apple":2,"minecraft:bow":2,"minecraft:wheat_seeds":8,"minecraft:raw_gold":12,"minecraft:cobbled_deepslate":18,"minecraft:beef":17,"minecraft:stone_pickaxe":1,"minecraft:azalea":4,"minecraft:moss_block":27,"minecraft:flowering_azalea":5,"minecraft:oak_planks":1,"minecraft:furnace":8,"minecraft:raw_iron":37,"minecraft:stick":12,"minecraft:porkchop":8,"minecraft:arrow":7,"minecraft:rotten_flesh":3,"minecraft:tropical_fish":4,"minecraft:stone_axe":1,"minecraft:oak_sapling":32,"minecraft:glow_berries":1,"minecraft:mutton":6,"minecraft:coal":209,"minecraft:white_wool":4,"minecraft:cobblestone":67},"minecraft:used":{"minecraft:moss_block":5,"minecraft:cooked_mutton":6,"minecraft:water_bucket":1,"minecraft:moss_carpet":1,"minecraft:stone_pickaxe":108,"minecraft:shield":15,"minecraft:wooden_pickaxe":33,"minecraft:iron_sword":29,"minecraft:rotten_flesh":1,"minecraft:iron_chestplate":1,"minecraft:torch":8,"minecraft:dirt":35,"minecraft:crafting_table":5,"minecraft:tuff":7,"minecraft:iron_pickaxe":57,"minecraft:stone_axe":89,"minecraft:cobblestone":9,"minecraft:porkchop":2,"minecraft:furnace":8,"minecraft:cooked_porkchop":6,"minecraft:bucket":2,"minecraft:andesite":4,"minecraft:cobbled_deepslate":8,"minecraft:iron_leggings":1},"minecraft:custom":{"minecraft:interact_with_furnace":48,"minecraft:mob_kills":26,"minecraft:interact_with_crafting_table":15,"minecraft:leave_game":3,"minecraft:time_since_death":719,"minecraft:climb_one_cm":2175,"minecraft:time_since_rest":778,"minecraft:sprint_one_cm":116538,"minecraft:damage_taken":2157,"minecraft:walk_one_cm":82184,"minecraft:damage_blocked_by_shield":645,"minecraft:drop":25,"minecraft:damage_dealt":3936,"minecraft:swim_one_cm":1205,"minecraft:fly_one_cm":124557,"minecraft:crouch_one_cm":10519,"minecraft:play_time":38775,"minecraft:walk_under_water_one_cm":1828,"minecraft:deaths":4,"minecraft:sneak_time":4460,"minecraft:jump":828,"minecraft:walk_on_water_one_cm":8201,"minecraft:total_world_time":38775,"minecraft:fall_one_cm":20968},"minecraft:mined":{"minecraft:tuff":7,"minecraft:flowering_azalea":2,"minecraft:clay":2,"minecraft:crafting_table":4,"minecraft:cave_vines_plant":3,"minecraft:short_grass":31,"minecraft:grass_block":1,"minecraft:mushroom_stem":6,"minecraft:tall_grass":21,"minecraft:deepslate_gold_ore":12,"minecraft:moss_block":4,"minecraft:furnace":8,"minecraft:iron_ore":8,"minecraft:birch_leaves":1,"minecraft:andesite":6,"minecraft:moss_carpet":1,"minecraft:cave_vines":1,"minecraft:deepslate_iron_ore":12,"minecraft:oak_log":28,"minecraft:coal_ore":68,"minecraft:vine":1,"minecraft:dirt":2,"minecraft:azalea":3,"minecraft:red_mushroom_block":16,"minecraft:stone":43,"minecraft:small_dripleaf":1,"minecraft:deepslate":12,"minecraft:oak_leaves":11},"minecraft:crafted":{"minecraft:cooked_beef":17,"minecraft:oak_planks":28,"minecraft:cooked_porkchop":6,"minecraft:crafting_table":2,"minecraft:wooden_pickaxe":1,"minecraft:iron_sword":1,"minecraft:furnace":2,"minecraft:bucket":1,"minecraft:stone_axe":1,"minecraft:cooked_mutton":6,"minecraft:air":0,"minecraft:iron_chestplate":1,"minecraft:shield":2,"minecraft:stick":8,"minecraft:iron_ingot":37,"minecraft:iron_pickaxe":1,"minecraft:stone_pickaxe":1,"minecraft:iron_leggings":1,"minecraft:torch":8},"minecraft:dropped":{"minecraft:moss_carpet":4,"minecraft:moss_block":22,"minecraft:wheat_seeds":8,"minecraft:cooked_beef":9,"minecraft:oak_log":13,"minecraft:rotten_flesh":2,"minecraft:glow_berries":1,"minecraft:cobblestone":12,"minecraft:clay_ball":9,"minecraft:tropical_fish":4,"minecraft:shield":1,"minecraft:andesite":2,"minecraft:azalea":4,"minecraft:flowering_azalea":5,"minecraft:bow":1,"minecraft:arrow":2},"minecraft:killed":{"minecraft:pig":4,"minecraft:spider":1,"minecraft:sheep":4,"minecraft:skeleton":5,"minecraft:zombie":3,"minecraft:cow":7},"minecraft:killed_by":{"minecraft:skeleton":1,"minecraft:creeper":1,"minecraft:zombie":2}},"DataVersion":3955}