{"stats":{"minecraft:picked_up":{"minecraft:iron_chestplate":2,"minecraft:crafting_table":7,"minecraft:cooked_beef":16,"minecraft:water_bucket":2,"minecraft:clay_ball":69,"minecraft:andesite":6,"minecraft:leather":24,"minecraft:wooden_pickaxe":3,"minecraft:red_mushroom":21,"minecraft:potion":3,"minecraft:tuff":7,"minecraft:oak_log":70,"minecraft:shield":1,"minecraft:lapis_lazuli":14,"minecraft:dirt":35,"minecraft:string":4,"minecraft:moss_carpet":9,"minecraft:iron_leggings":2,"minecraft:bone":22,"minecraft:apple":6,"minecraft:bow":4,"minecraft:wheat_seeds":8,"minecraft:raw_gold":36,"minecraft:cobbled_deepslate":150,"minecraft:iron_ingot":22,"minecraft:beef":17,"minecraft:stone_pickaxe":2,"minecraft:azalea":5,"minecraft:iron_pickaxe":2,"minecraft:moss_block":61,"minecraft:iron_sword":2,"minecraft:flowering_azalea":7,"minecraft:oak_planks":3,"minecraft:furnace":12,"minecraft:raw_iron":57,"minecraft:stick":19,"minecraft:big_dripleaf":2,"minecraft:torch":28,"minecraft:porkchop":8,"minecraft:redstone":5,"minecraft:diamond":17,"minecraft:arrow":17,"minecraft:rotten_flesh":3,"minecraft:tropical_fish":8,"minecraft:stone_axe":3,"minecraft:granite":3,"minecraft:obsidian":8,"minecraft:oak_sapling":63,"minecraft:glow_berries":1,"minecraft:mutton":6,"minecraft:coal":306,"minecraft:white_wool":8,"minecraft:cobblestone":181},"minecraft:used":{"minecraft:moss_block":5,"minecraft:cooked_mutton":6,"minecraft:water_bucket":51,"minecraft:moss_carpet":1,"minecraft:stone_pickaxe":108,"minecraft:shield":15,"minecraft:wooden_pickaxe":33,"minecraft:iron_sword":35,"minecraft:rotten_flesh":1,"minecraft:iron_chestplate":2,"minecraft:torch":23,"minecraft:dirt":35,"minecraft:crafting_table":6,"minecraft:tuff":7,"minecraft:obsidian":6,"minecraft:diamond_pickaxe":272,"minecraft:iron_pickaxe":82,"minecraft:stone_axe":91,"minecraft:cobblestone":71,"minecraft:porkchop":2,"minecraft:furnace":8,"minecraft:cooked_porkchop":6,"minecraft:bucket":52,"minecraft:andesite":4,"minecraft:cooked_beef":2,"minecraft:cobbled_deepslate":129,"minecraft:iron_leggings":2},"minecraft:custom":{"minecraft:interact_with_furnace":48,"minecraft:mob_kills":28,"minecraft:interact_with_crafting_table":17,"minecraft:leave_game":3,"minecraft:time_since_death":21626,"minecraft:climb_one_cm":3211,"minecraft:time_since_rest":21671,"minecraft:sprint_one_cm":151284,"minecraft:damage_taken":2820,"minecraft:walk_one_cm":95761,"minecraft:damage_blocked_by_shield":645,"minecraft:drop":32,"minecraft:damage_dealt":4148,"minecraft:swim_one_cm":7253,"minecraft:fly_one_cm":163063,"minecraft:crouch_one_cm":14253,"minecraft:play_time":62775,"minecraft:walk_under_water_one_cm":31523,"minecraft:deaths":5,"minecraft:sneak_time":8121,"minecraft:jump":1259,"minecraft:walk_on_water_one_cm":24349,"minecraft:total_world_time":62775,"minecraft:fall_one_cm":26274},"minecraft:crafted":{"minecraft:cooked_beef":17,"minecraft:oak_planks":32,"minecraft:cooked_porkchop":6,"minecraft:crafting_table":2,"minecraft:wooden_pickaxe":1,"minecraft:iron_sword":1,"minecraft:furnace":2,"minecraft:bucket":1,"minecraft:stone_axe":1,"minecraft:cooked_mutton":6,"minecraft:air":0,"minecraft:iron_chestplate":1,"minecraft:diamond_pickaxe":1,"minecraft:shield":2,"minecraft:stick":12,"minecraft:iron_ingot":37,"minecraft:iron_pickaxe":1,"minecraft:stone_pickaxe":1,"minecraft:iron_leggings":1,"minecraft:torch":36},"minecraft:mined":{"minecraft:deepslate_redstone_ore":1,"minecraft:tuff":7,"minecraft:flowering_azalea":4,"minecraft:deepslate_diamond_ore":10,"minecraft:granite":3,"minecraft:obsidian":9,"minecraft:torch":1,"minecraft:clay":13,"minecraft:crafting_table":5,"minecraft:cave_vines_plant":4,"minecraft:short_grass":39,"minecraft:grass_block":3,"minecraft:mushroom_stem":6,"minecraft:cobblestone":8,"minecraft:tall_grass":25,"minecraft:deepslate_gold_ore":12,"minecraft:moss_block":11,"minecraft:furnace":8,"minecraft:cobbled_deepslate":7,"minecraft:iron_ore":9,"minecraft:birch_leaves":1,"minecraft:andesite":6,"minecraft:moss_carpet":1,"minecraft:deepslate_lapis_ore":4,"minecraft:cave_vines":3,"minecraft:deepslate_iron_ore":31,"minecraft:oak_log":28,"minecraft:coal_ore":68,"minecraft:vine":1,"minecraft:dirt":6,"minecraft:azalea":4,"minecraft:red_mushroom_block":16,"minecraft:stone":154,"minecraft:small_dripleaf":1,"minecraft:deepslate":119,"minecraft:oak_leaves":11},"minecraft:dropped":{"minecraft:iron_ingot":2,"minecraft:moss_carpet":8,"minecraft:moss_block":39,"minecraft:wheat_seeds":8,"minecraft:cooked_beef":9,"minecraft:oak_log":13,"minecraft:rotten_flesh":2,"minecraft:glow_berries":1,"minecraft:cobblestone":12,"minecraft:clay_ball":57,"minecraft:tropical_fish":4,"minecraft:big_dripleaf":2,"minecraft:shield":1,"minecraft:andesite":2,"minecraft:azalea":4,"minecraft:flowering_azalea":5,"minecraft:bow":1,"minecraft:arrow":2},"minecraft:killed":{"minecraft:pig":4,"minecraft:bogged":1,"minecraft:spider":1,"minecraft:sheep":4,"minecraft:skeleton":5,"minecraft:zombie":3,"minecraft:cow":7},"minecraft:killed_by":{"minecraft:skeleton":1,"minecraft:creeper":2,"minecraft:zombie":2}},"DataVersion":3955}