{"stats":{"minecraft:picked_up":{"minecraft:stick":12,"minecraft:leather":6,"minecraft:wooden_pickaxe":1,"minecraft:red_mushroom":7,"minecraft:porkchop":3,"minecraft:oak_log":52,"minecraft:string":2,"minecraft:dirt":35,"minecraft:rotten_flesh":2,"minecraft:apple":2,"minecraft:stone_axe":1,"minecraft:wheat_seeds":3,"minecraft:beef":11,"minecraft:stone_pickaxe":1,"minecraft:oak_sapling":32,"minecraft:mutton":6,"minecraft:oak_planks":1,"minecraft:white_wool":4,"minecraft:cobblestone":54},"minecraft:used":{"minecraft:wooden_pickaxe":33,"minecraft:rotten_flesh":1,"minecraft:stone_axe":74,"minecraft:dirt":11,"minecraft:crafting_table":1},"minecraft:custom":{"minecraft:time_since_rest":5728,"minecraft:sprint_one_cm":51055,"minecraft:damage_taken":1052,"minecraft:walk_one_cm":28115,"minecraft:mob_kills":16,"minecraft:drop":4,"minecraft:damage_dealt":1807,"minecraft:interact_with_crafting_table":2,"minecraft:fly_one_cm":50975,"minecraft:crouch_one_cm":1863,"minecraft:play_time":14775,"minecraft:deaths":3,"minecraft:sneak_time":725,"minecraft:jump":299,"minecraft:leave_game":3,"minecraft:time_since_death":5679,"minecraft:walk_on_water_one_cm":1939,"minecraft:total_world_time":14775,"minecraft:climb_one_cm":1386,"minecraft:fall_one_cm":3784},"minecraft:mined":{"minecraft:birch_leaves":1,"minecraft:short_grass":9,"minecraft:grass_block":1,"minecraft:oak_log":28,"minecraft:vine":1,"minecraft:dirt":2,"minecraft:mushroom_stem":6,"minecraft:red_mushroom_block":16,"minecraft:stone":30,"minecraft:oak_leaves":11},"minecraft:crafted":{"minecraft:oak_planks":12,"minecraft:crafting_table":1,"minecraft:stick":8,"minecraft:wooden_pickaxe":1,"minecraft:stone_pickaxe":1,"minecraft:stone_axe":1},"minecraft:dropped":{"minecraft:wheat_seeds":2,"minecraft:oak_log":13,"minecraft:cobblestone":12},"minecraft:killed":{"minecraft:sheep":4,"minecraft:zombie":2,"minecraft:pig":2,"minecraft:spider":1,"minecraft:cow":5},"minecraft:killed_by":{"minecraft:creeper":1,"minecraft:zombie":2}},"DataVersion":3955}