{"stats":{"minecraft:picked_up":{"minecraft:crafting_table":2,"minecraft:clay_ball":4,"minecraft:andesite":6,"minecraft:leather":8,"minecraft:wooden_pickaxe":1,"minecraft:red_mushroom":7,"minecraft:oak_log":52,"minecraft:dirt":35,"minecraft:string":2,"minecraft:bone":1,"minecraft:apple":2,"minecraft:bow":1,"minecraft:wheat_seeds":3,"minecraft:cobbled_deepslate":1,"minecraft:beef":17,"minecraft:stone_pickaxe":1,"minecraft:azalea":1,"minecraft:moss_block":2,"minecraft:flowering_azalea":1,"minecraft:oak_planks":1,"minecraft:furnace":4,"minecraft:raw_iron":8,"minecraft:stick":12,"minecraft:porkchop":8,"minecraft:arrow":2,"minecraft:rotten_flesh":2,"minecraft:stone_axe":1,"minecraft:oak_sapling":32,"minecraft:mutton":6,"minecraft:coal":100,"minecraft:white_wool":4,"minecraft:cobblestone":67},"minecraft:used":{"minecraft:stone_pickaxe":108,"minecraft:shield":1,"minecraft:wooden_pickaxe":33,"minecraft:rotten_flesh":1,"minecraft:torch":3,"minecraft:dirt":35,"minecraft:crafting_table":3,"minecraft:stone_axe":87,"minecraft:cobblestone":9,"minecraft:porkchop":2,"minecraft:furnace":4,"minecraft:cooked_porkchop":3,"minecraft:andesite":2},"minecraft:custom":{"minecraft:interact_with_furnace":20,"minecraft:mob_kills":21,"minecraft:interact_with_crafting_table":7,"minecraft:leave_game":3,"minecraft:time_since_death":17679,"minecraft:climb_one_cm":1538,"minecraft:time_since_rest":17728,"minecraft:sprint_one_cm":81153,"minecraft:damage_taken":1197,"minecraft:walk_one_cm":60569,"minecraft:damage_blocked_by_shield":15,"minecraft:drop":8,"minecraft:damage_dealt":2496,"minecraft:fly_one_cm":76107,"minecraft:crouch_one_cm":7226,"minecraft:play_time":26775,"minecraft:deaths":3,"minecraft:sneak_time":3050,"minecraft:jump":534,"minecraft:walk_on_water_one_cm":2617,"minecraft:total_world_time":26775,"minecraft:fall_one_cm":9497},"minecraft:mined":{"minecraft:flowering_azalea":1,"minecraft:clay":1,"minecraft:crafting_table":2,"minecraft:short_grass":15,"minecraft:grass_block":1,"minecraft:mushroom_stem":6,"minecraft:tall_grass":3,"minecraft:moss_block":2,"minecraft:furnace":4,"minecraft:iron_ore":8,"minecraft:birch_leaves":1,"minecraft:andesite":6,"minecraft:oak_log":28,"minecraft:coal_ore":68,"minecraft:vine":1,"minecraft:dirt":2,"minecraft:azalea":1,"minecraft:red_mushroom_block":16,"minecraft:stone":43,"minecraft:deepslate":1,"minecraft:oak_leaves":11},"minecraft:crafted":{"minecraft:cooked_beef":17,"minecraft:oak_planks":24,"minecraft:cooked_porkchop":6,"minecraft:crafting_table":2,"minecraft:wooden_pickaxe":1,"minecraft:furnace":2,"minecraft:stone_axe":1,"minecraft:cooked_mutton":6,"minecraft:air":0,"minecraft:shield":1,"minecraft:stick":8,"minecraft:iron_ingot":2,"minecraft:stone_pickaxe":1,"minecraft:torch":8},"minecraft:dropped":{"minecraft:moss_block":2,"minecraft:wheat_seeds":3,"minecraft:oak_log":13,"minecraft:cobblestone":12,"minecraft:clay_ball":4,"minecraft:andesite":2},"minecraft:killed":{"minecraft:pig":4,"minecraft:spider":1,"minecraft:sheep":4,"minecraft:skeleton":1,"minecraft:zombie":2,"minecraft:cow":7},"minecraft:killed_by":{"minecraft:creeper":1,"minecraft:zombie":2}},"DataVersion":3955}