{"stats":{"minecraft:picked_up":{"minecraft:stick":3,"minecraft:raw_iron":26,"minecraft:crafting_table":4,"minecraft:cooked_beef":2,"minecraft:clay_ball":68,"minecraft:big_dripleaf":2,"minecraft:leather":4,"minecraft:torch":2,"minecraft:oak_log":13,"minecraft:shield":1,"minecraft:dark_oak_log":93,"minecraft:dirt":2,"minecraft:moss_carpet":10,"minecraft:iron_axe":1,"minecraft:arrow":6,"minecraft:bone":8,"minecraft:rotten_flesh":5,"minecraft:tropical_fish":4,"minecraft:stone_axe":1,"minecraft:iron_ingot":2,"minecraft:beef":5,"minecraft:stone_pickaxe":1,"minecraft:iron_pickaxe":1,"minecraft:moss_block":14,"minecraft:glow_berries":3,"minecraft:oak_planks":92,"minecraft:cobblestone":16,"minecraft:furnace":3},"minecraft:used":{"minecraft:moss_carpet":9,"minecraft:tropical_fish":3,"minecraft:iron_axe":11,"minecraft:stone_pickaxe":15,"minecraft:iron_pickaxe":19,"minecraft:oak_planks":22,"minecraft:shield":14,"minecraft:rotten_flesh":4,"minecraft:stone_axe":68,"minecraft:glow_berries":2,"minecraft:torch":2,"minecraft:dirt":2,"minecraft:crafting_table":2,"minecraft:furnace":2,"minecraft:cooked_beef":5},"minecraft:custom":{"minecraft:time_since_rest":4456,"minecraft:interact_with_furnace":13,"minecraft:sprint_one_cm":43437,"minecraft:damage_taken":925,"minecraft:walk_one_cm":23380,"minecraft:damage_blocked_by_shield":897,"minecraft:mob_kills":10,"minecraft:damage_dealt":1372,"minecraft:swim_one_cm":2584,"minecraft:interact_with_crafting_table":6,"minecraft:fly_one_cm":33803,"minecraft:crouch_one_cm":5422,"minecraft:deaths":1,"minecraft:play_time":15703,"minecraft:sneak_time":1886,"minecraft:walk_under_water_one_cm":3015,"minecraft:jump":258,"minecraft:walk_on_water_one_cm":10332,"minecraft:time_since_death":4424,"minecraft:total_world_time":15703,"minecraft:fall_one_cm":10464},"minecraft:mined":{"minecraft:furnace":2,"minecraft:dark_oak_leaves":4,"minecraft:iron_ore":13,"minecraft:dark_oak_log":49,"minecraft:moss_carpet":1,"minecraft:cave_vines_plant":1,"minecraft:clay":2,"minecraft:crafting_table":3,"minecraft:deepslate_iron_ore":9,"minecraft:dirt":2,"minecraft:tall_grass":1,"minecraft:stone":4,"minecraft:moss_block":15,"minecraft:oak_leaves":3},"minecraft:crafted":{"minecraft:cooked_beef":3,"minecraft:oak_planks":52,"minecraft:charcoal":1,"minecraft:shield":1,"minecraft:iron_axe":1,"minecraft:stick":12,"minecraft:iron_pickaxe":1,"minecraft:iron_ingot":7,"minecraft:stone_pickaxe":1,"minecraft:furnace":1,"minecraft:torch":4,"minecraft:dark_oak_planks":8,"minecraft:stone_axe":1,"minecraft:air":0},"minecraft:killed":{"minecraft:skeleton":3,"minecraft:zombie":4,"minecraft:tropical_fish":1,"minecraft:cow":2}},"DataVersion":3955}