{"stats":{"minecraft:picked_up":{"minecraft:crafting_table":5,"minecraft:cooked_beef":11,"minecraft:clay_ball":81,"minecraft:leather":4,"minecraft:potion":1,"minecraft:tuff":13,"minecraft:oak_log":13,"minecraft:shield":2,"minecraft:dirt":2,"minecraft:moss_carpet":12,"minecraft:iron_axe":1,"minecraft:bone":8,"minecraft:cobbled_deepslate":30,"minecraft:beef":5,"minecraft:iron_ingot":2,"minecraft:stone_pickaxe":1,"minecraft:azalea":1,"minecraft:iron_pickaxe":1,"minecraft:glowstone_dust":2,"minecraft:moss_block":14,"minecraft:oak_planks":92,"minecraft:furnace":3,"minecraft:raw_iron":29,"minecraft:stick":3,"minecraft:big_dripleaf":2,"minecraft:torch":6,"minecraft:redstone":6,"minecraft:dark_oak_log":93,"minecraft:mossy_cobblestone":3,"minecraft:arrow":6,"minecraft:rotten_flesh":14,"minecraft:diamond":5,"minecraft:tropical_fish":4,"minecraft:stone_axe":1,"minecraft:glow_berries":19,"minecraft:cobblestone":20},"minecraft:used":{"minecraft:moss_block":14,"minecraft:moss_carpet":9,"minecraft:tropical_fish":3,"minecraft:stone_pickaxe":15,"minecraft:oak_planks":22,"minecraft:shield":17,"minecraft:rotten_flesh":4,"minecraft:torch":9,"minecraft:glow_berries":11,"minecraft:dirt":2,"minecraft:crafting_table":3,"minecraft:tuff":2,"minecraft:diamond_pickaxe":3,"minecraft:iron_axe":48,"minecraft:iron_pickaxe":80,"minecraft:stone_axe":68,"minecraft:cobblestone":2,"minecraft:furnace":2,"minecraft:cooked_beef":10,"minecraft:cobbled_deepslate":22},"minecraft:custom":{"minecraft:interact_with_furnace":18,"minecraft:mob_kills":19,"minecraft:interact_with_crafting_table":8,"minecraft:time_since_death":16424,"minecraft:climb_one_cm":866,"minecraft:time_since_rest":16456,"minecraft:sprint_one_cm":67785,"minecraft:damage_taken":1323,"minecraft:walk_one_cm":40802,"minecraft:damage_blocked_by_shield":1092,"minecraft:drop":24,"minecraft:damage_dealt":3316,"minecraft:swim_one_cm":2584,"minecraft:fly_one_cm":53254,"minecraft:open_chest":2,"minecraft:crouch_one_cm":13499,"minecraft:play_time":27703,"minecraft:deaths":1,"minecraft:sneak_time":5133,"minecraft:walk_under_water_one_cm":3015,"minecraft:jump":457,"minecraft:walk_on_water_one_cm":15255,"minecraft:total_world_time":27703,"minecraft:fall_one_cm":15222},"minecraft:mined":{"minecraft:tuff":17,"minecraft:mossy_cobblestone":3,"minecraft:dark_oak_leaves":4,"minecraft:deepslate_diamond_ore":5,"minecraft:dark_oak_log":49,"minecraft:clay":5,"minecraft:crafting_table":4,"minecraft:torch":1,"minecraft:cave_vines_plant":4,"minecraft:cobblestone":4,"minecraft:tall_grass":2,"minecraft:moss_block":15,"minecraft:wall_torch":3,"minecraft:spawner":1,"minecraft:furnace":2,"minecraft:iron_ore":13,"minecraft:cobbled_deepslate":2,"minecraft:moss_carpet":1,"minecraft:cave_vines":3,"minecraft:deepslate_iron_ore":12,"minecraft:dirt":2,"minecraft:stone":4,"minecraft:oak_leaves":3,"minecraft:deepslate":25},"minecraft:crafted":{"minecraft:cooked_beef":3,"minecraft:oak_planks":52,"minecraft:furnace":1,"minecraft:stone_axe":1,"minecraft:air":0,"minecraft:diamond_pickaxe":1,"minecraft:charcoal":1,"minecraft:shield":1,"minecraft:iron_axe":1,"minecraft:stick":16,"minecraft:iron_ingot":7,"minecraft:iron_pickaxe":1,"minecraft:stone_pickaxe":1,"minecraft:dark_oak_planks":8,"minecraft:torch":16},"minecraft:dropped":{"minecraft:moss_carpet":2,"minecraft:stone_axe":1,"minecraft:mossy_cobblestone":3,"minecraft:cobblestone":3,"minecraft:leather":2,"minecraft:glowstone_dust":2,"minecraft:stick":1,"minecraft:big_dripleaf":1,"minecraft:gunpowder":4,"minecraft:azalea":1,"minecraft:potion":1,"minecraft:stone_pickaxe":1,"minecraft:redstone":6},"minecraft:killed":{"minecraft:witch":1,"minecraft:skeleton":4,"minecraft:zombie":11,"minecraft:tropical_fish":1,"minecraft:cow":2}},"DataVersion":3955}