{"stats":{"minecraft:picked_up":{"minecraft:crafting_table":1,"minecraft:rotten_flesh":2,"minecraft:leather":2,"minecraft:beef":5,"minecraft:oak_log":13,"minecraft:dark_oak_log":48,"minecraft:cobblestone":12},"minecraft:used":{"minecraft:rotten_flesh":2,"minecraft:stone_axe":66},"minecraft:custom":{"minecraft:time_since_rest":3703,"minecraft:crouch_one_cm":1669,"minecraft:play_time":3703,"minecraft:sprint_one_cm":14899,"minecraft:damage_taken":105,"minecraft:walk_one_cm":6686,"minecraft:sneak_time":716,"minecraft:mob_kills":5,"minecraft:jump":47,"minecraft:damage_dealt":561,"minecraft:time_since_death":3703,"minecraft:walk_on_water_one_cm":152,"minecraft:total_world_time":3703,"minecraft:fall_one_cm":418,"minecraft:interact_with_crafting_table":1,"minecraft:fly_one_cm":7071},"minecraft:mined":{"minecraft:dark_oak_leaves":4,"minecraft:dark_oak_log":49,"minecraft:crafting_table":1},"minecraft:crafted":{"minecraft:oak_planks":52,"minecraft:stone_axe":1,"minecraft:stick":8,"minecraft:stone_pickaxe":1},"minecraft:killed":{"minecraft:zombie":3,"minecraft:cow":2}},"DataVersion":3955}