{"stats":{"minecraft:custom":{"minecraft:interact_with_furnace":18,"minecraft:mob_kills":21,"minecraft:interact_with_crafting_table":10,"minecraft:leave_game":4,"minecraft:time_since_death":26741,"minecraft:climb_one_cm":899,"minecraft:time_since_rest":26773,"minecraft:sprint_one_cm":78769,"minecraft:damage_taken":1643,"minecraft:walk_one_cm":48921,"minecraft:damage_blocked_by_shield":1167,"minecraft:drop":24,"minecraft:damage_dealt":3696,"minecraft:swim_one_cm":6053,"minecraft:fly_one_cm":64659,"minecraft:open_chest":2,"minecraft:crouch_one_cm":16526,"minecraft:play_time":38020,"minecraft:deaths":1,"minecraft:sneak_time":6436,"minecraft:walk_under_water_one_cm":4391,"minecraft:jump":561,"minecraft:walk_on_water_one_cm":19641,"minecraft:total_world_time":38020,"minecraft:fall_one_cm":16877},"minecraft:picked_up":{"minecraft:crafting_table":6,"minecraft:cooked_beef":11,"minecraft:clay_ball":85,"minecraft:leather":4,"minecraft:potion":1,"minecraft:tuff":13,"minecraft:oak_log":13,"minecraft:shield":2,"minecraft:dirt":2,"minecraft:string":2,"minecraft:moss_carpet":12,"minecraft:iron_axe":1,"minecraft:leather_boots":1,"minecraft:bone":8,"minecraft:wheat_seeds":1,"minecraft:cobbled_deepslate":33,"minecraft:stone_pickaxe":2,"minecraft:iron_ingot":4,"minecraft:beef":5,"minecraft:azalea":1,"minecraft:iron_pickaxe":1,"minecraft:glowstone_dust":2,"minecraft:moss_block":14,"minecraft:oak_planks":92,"minecraft:flowering_azalea":1,"minecraft:furnace":3,"minecraft:stick":3,"minecraft:raw_iron":29,"minecraft:big_dripleaf":2,"minecraft:torch":7,"minecraft:redstone":6,"minecraft:dark_oak_log":93,"minecraft:mossy_cobblestone":3,"minecraft:arrow":6,"minecraft:rotten_flesh":14,"minecraft:diamond":12,"minecraft:tropical_fish":10,"minecraft:stone_axe":1,"minecraft:bone_meal":1,"minecraft:glow_berries":19,"minecraft:white_wool":4,"minecraft:cobblestone":20},"minecraft:mined":{"minecraft:tuff":17,"minecraft:mossy_cobblestone":3,"minecraft:dark_oak_leaves":4,"minecraft:deepslate_diamond_ore":12,"minecraft:dark_oak_log":49,"minecraft:cave_vines_plant":4,"minecraft:clay":6,"minecraft:crafting_table":5,"minecraft:torch":2,"minecraft:short_grass":6,"minecraft:tall_grass":3,"minecraft:cobblestone":4,"minecraft:moss_block":15,"minecraft:wall_torch":3,"minecraft:spawner":1,"minecraft:furnace":2,"minecraft:iron_ore":13,"minecraft:cobbled_deepslate":2,"minecraft:moss_carpet":1,"minecraft:cave_vines":3,"minecraft:deepslate_iron_ore":12,"minecraft:dirt":2,"minecraft:azalea":1,"minecraft:stone":4,"minecraft:oak_leaves":3,"minecraft:deepslate":27},"minecraft:dropped":{"minecraft:stone_axe":1,"minecraft:moss_carpet":2,"minecraft:mossy_cobblestone":3,"minecraft:cobblestone":3,"minecraft:leather":2,"minecraft:glowstone_dust":2,"minecraft:stick":1,"minecraft:big_dripleaf":1,"minecraft:gunpowder":4,"minecraft:azalea":1,"minecraft:potion":1,"minecraft:stone_pickaxe":1,"minecraft:redstone":6},"minecraft:used":{"minecraft:moss_block":14,"minecraft:moss_carpet":9,"minecraft:water_bucket":2,"minecraft:tropical_fish":3,"minecraft:stone_pickaxe":15,"minecraft:oak_planks":24,"minecraft:shield":18,"minecraft:leather_boots":1,"minecraft:rotten_flesh":4,"minecraft:torch":13,"minecraft:glow_berries":11,"minecraft:dirt":2,"minecraft:crafting_table":5,"minecraft:tuff":13,"minecraft:flowering_azalea":1,"minecraft:diamond_pickaxe":13,"minecraft:iron_axe":58,"minecraft:iron_pickaxe":80,"minecraft:stone_axe":68,"minecraft:cobblestone":2,"minecraft:furnace":2,"minecraft:bucket":3,"minecraft:cooked_beef":13,"minecraft:cobbled_deepslate":32},"minecraft:crafted":{"minecraft:cooked_beef":3,"minecraft:oak_planks":52,"minecraft:diamond_sword":1,"minecraft:crafting_table":1,"minecraft:furnace":1,"minecraft:bucket":1,"minecraft:stone_axe":1,"minecraft:air":0,"minecraft:diamond_pickaxe":1,"minecraft:charcoal":1,"minecraft:shield":1,"minecraft:iron_axe":1,"minecraft:stick":20,"minecraft:iron_ingot":7,"minecraft:iron_pickaxe":1,"minecraft:stone_pickaxe":1,"minecraft:dark_oak_planks":8,"minecraft:torch":16},"minecraft:killed":{"minecraft:witch":1,"minecraft:skeleton":4,"minecraft:zombie":13,"minecraft:tropical_fish":1,"minecraft:cow":2}},"DataVersion":3955}